code3,volunteer,donated,humanit,lpe1,lpe2,lpe1_alt
ARG,20,17,6.3,6.3,17,20
BOL,21,24,NA,NA,24,21
BRA,18,30,10.4,10.4,30,18
CHL,16,39,5.8,5.8,39,16
COL,19,21,7.8,7.8,21,19
CRI,23,27,NA,NA,27,23
DOM,37,25,NA,NA,25,37
ECU,16,18,3.4,3.4,18,16
GTM,36,32,NA,NA,32,36
HND,41,14,NA,NA,14,41
MEX,13,18,10.8,10.8,18,13
PER,26,21,3.6,3.6,21,26
PRY,19,29,NA,NA,29,19
SLV,28,11,NA,NA,11,28
URY,21,30,3.2,3.2,30,21
VEN,13,15,NA,NA,15,13
NIC,23,32,NA,NA,32,23
PAN,32,35,NA,NA,35,32
